Ethos;Genre
Ethos cosmopolite;"Récit; Roman"
Ethos cosmopolite;Roman
Ethos cosmopolite;Récit
Ethos cosmopolite;Poème
Ethos cosmopolite;Poème
Ethos cosmopolite;Poème
Ethos cosmopolite;Poème
Ethos cosmopolite;Poème
Ethos cosmopolite;Poème
Ethos cosmopolite;Poème
Ethos cosmopolite;Poème
Ethos cosmopolite;Poème
Ethos cosmopolite;Poème
Ethos cosmopolite;Poème
Ethos cosmopolite;Poème
Ethos cosmopolite;Poème
Ethos cosmopolite;Poème
Ethos cosmopolite;Poème
Ethos cosmopolite;Poème
Ethos cosmopolite;Poème
Ethos cosmopolite;Poème
Ethos cosmopolite;Récit
Ethos cosmopolite;Récit
Ethos cosmopolite;Récit
Ethos cosmopolite;Récit
Ethos cosmopolite;Récit
Ethos cosmopolite;Récit
Ethos cosmopolite;Récit
Ethos cosmopolite;Récit
Ethos cosmopolite;Récit
Ethos cosmopolite;Récit
Ethos cosmopolite;Récit
Ethos cosmopolite;Récit
Ethos cosmopolite;Récit
Ethos cosmopolite;Récit
Ethos cosmopolite;Récit
Ethos cosmopolite;Récit
Ethos cosmopolite;Récit
Ethos cosmopolite;Récit
Ethos cosmopolite;Récit
Ethos cosmopolite;Récit
Ethos cosmopolite;Récit
Ethos cosmopolite;Récit
Ethos cosmopolite;Récit
Ethos cosmopolite;Récit
Ethos cosmopolite;Récit
Ethos cosmopolite;Récit
Ethos cosmopolite;Récit
Ethos cosmopolite;Roman
Ethos cosmopolite;Roman
Ethos cosmopolite;Roman
Ethos cosmopolite;Roman
Ethos cosmopolite;Roman
Ethos cosmopolite;Roman
Ethos d'opposition;
Ethos d'opposition;
Ethos d'opposition;"Jeunesse; Roman"
Ethos d'opposition;"Manifeste; Récit"
Ethos d'opposition;Nouvelle
Ethos d'opposition;"Jeunesse; Roman"
Ethos d'opposition;"Manifeste; Récit"
Ethos d'opposition;Nouvelle
Ethos d'opposition;"Jeunesse; Roman"
Ethos d'opposition;"Manifeste; Récit"
Ethos d'opposition;Manifeste;
Ethos d'opposition;Manifeste;
Ethos d'opposition;Manifeste;
Ethos d'opposition;Manifeste;
Ethos d'opposition;Manifeste;
Ethos d'opposition;Manifeste;
Ethos d'opposition;Manifeste;
Ethos d'opposition;Manifeste;
Ethos d'opposition;Manifeste;
Ethos d'opposition;Manifeste;
Ethos d'opposition;Manifeste;
Ethos d'opposition;Manifeste;
Ethos d'opposition;Manifeste;
Ethos d'opposition;Manifeste;
Ethos d'opposition;Manifeste;
Ethos d'opposition;Manifeste;
Ethos d'opposition;Manifeste;
Ethos d'opposition;Manifeste;
Ethos d'opposition;Manifeste;
Ethos d'opposition;Manifeste;
Ethos d'opposition;Manifeste;
Ethos d'opposition;Manifeste;
Ethos d'opposition;Manifeste;
Ethos d'opposition;Manifeste;
Ethos d'opposition;Nouvelle
Ethos d'opposition;"Jeunesse; Roman"
Ethos d'opposition;"Manifeste; Récit"
Ethos d'opposition;Nouvelle
Ethos d'opposition;"Jeunesse; Roman"
Ethos d'opposition;"Manifeste; Récit"
Ethos d'opposition;Nouvelle
Ethos d'opposition;"Jeunesse; Roman"
Ethos d'opposition;"Manifeste; Récit"
Ethos d'opposition;Nouvelle
Ethos d'opposition;"Jeunesse; Roman"
Ethos d'opposition;"Manifeste; Récit"
Ethos d'opposition;Nouvelle
Ethos d'opposition;Nouvelle
Ethos d'opposition;"Nouvelle; Recueil"
Ethos d'opposition;Poème
Ethos d'opposition;"Poème; Recueil"
Ethos d'opposition;Récit
Ethos d'opposition;Roman
Ethos d'opposition;Roman
Ethos d'opposition;Roman
Ethos d'opposition;Roman
Ethos d'opposition;Roman
Ethos d'opposition;Roman
Ethos d'opposition;Roman
Ethos d'opposition;Roman
Ethos d'opposition;Roman
Ethos d'opposition;Roman
Ethos d'opposition;Roman
Ethos d'opposition;Roman
Ethos d'opposition;Roman
Ethos d'opposition;Roman
Ethos d'opposition;Roman
Ethos d'opposition;Roman
Ethos d'opposition;Roman
Ethos d'opposition;Roman
Ethos d'opposition;Roman
Ethos d'opposition;Roman
Ethos d'opposition;Roman
Ethos de genre;"Nouvelle; Recueil"
Ethos de genre;"Nouvelle; Recueil"
Ethos de genre;"Nouvelle; Recueil"
Ethos de genre;"Nouvelle; Recueil"
Ethos de genre;"Nouvelle; Recueil"
Ethos de genre;"Nouvelle; Recueil"
Ethos de genre;"Nouvelle; Recueil"
Ethos de genre;"Nouvelle; Recueil"
Ethos de genre;"Nouvelle; Recueil"
Ethos de genre;Nouvelle; 
Ethos de genre;Nouvelle; 
Ethos de genre;BD; 
Ethos de genre;BD; 
Ethos de genre;BD; 
Ethos de genre;BD; 
Ethos de genre;BD; 
Ethos de genre;BD; 
Ethos de genre;BD; 
Ethos de genre;BD; 
Ethos de genre;BD; 
Ethos de genre;BD; 
Ethos de genre;BD; 
Ethos de genre;BD; 
Ethos de genre;BD; 
Ethos de genre;BD; 
Ethos de genre;BD; 
Ethos de genre;BD; 
Ethos de genre;BD; 
Ethos de genre;BD; 
Ethos de genre;BD; 
Ethos de genre;BD; 
Ethos de genre;BD; 
Ethos de genre;BD; 
Ethos de genre;BD; 
Ethos de genre;BD; 
Ethos de genre;BD; 
Ethos de genre;BD; 
Ethos de genre;BD; 
Ethos de genre;BD; 
Ethos de genre;BD; 
Ethos de genre;BD; 
Ethos de genre;BD; 
Ethos de genre;BD; 
Ethos de genre;Nouvelle; 
Ethos de genre;Nouvelle; 
Ethos de genre;Nouvelle; 
Ethos de genre;Nouvelle; 
Ethos de genre;Nouvelle; 
Ethos de genre;Jeunesse
Ethos de genre;Jeunesse
Ethos de genre;Jeunesse
Ethos de genre;Jeunesse
Ethos de genre;Jeunesse
Ethos de genre;Jeunesse
Ethos de genre;Jeunesse
Ethos de genre;Jeunesse
Ethos de genre;Jeunesse
Ethos de genre;Roman
Ethos de genre;Roman
Ethos de genre;Roman
Ethos de genre;Roman
Ethos de genre;Roman
Ethos de genre;Roman
Ethos de genre;Roman
Ethos de genre;Roman
Ethos de genre;Roman
Ethos de genre;Roman
Ethos de genre;Roman
Ethos de genre;Roman
Ethos de genre;Roman
Ethos de genre;Roman
Ethos de genre;Roman
Ethos de genre;Roman
Ethos de genre;Roman
Ethos de genre;Roman
Ethos de genre;Roman
Ethos de genre;Roman
Ethos de la migrance ;"Nouvelle;Recueil"
Ethos de la migrance ;Roman
Ethos de la migrance ;Roman
Ethos de la migrance ;Mémoires
Ethos de la migrance ;Mémoires
Ethos de la migrance ;Mémoires
Ethos de la migrance ;Mémoires
Ethos de la migrance ;Mémoires
Ethos de la migrance ;Mémoires
Ethos de la migrance ;Mémoires
Ethos de la migrance ;Mémoires
Ethos de la migrance ;Mémoires
Ethos de la migrance ;Mémoires
Ethos de la migrance ;Mémoires
Ethos de la migrance ;Mémoires
Ethos de la migrance ;Mémoires
Ethos de la migrance ;Mémoires
Ethos de la migrance ;Mémoires
Ethos de la migrance ;Mémoires
Ethos de la migrance ;Roman
Ethos de la migrance ;Roman
Ethos de la migrance ;Roman
Ethos de la migrance ;Roman
Ethos de la migrance ;Roman
Ethos de la migrance ;Roman
Ethos de la migrance ;Roman
Ethos de la migrance ;Roman
Ethos de la migrance ;Roman
Ethos de la migrance ;Roman
Ethos de la migrance ;Roman
Ethos de la migrance ;Roman
Ethos de la migrance ;Roman
Ethos de la migrance ;Roman
Ethos de la migrance ;Roman
Ethos de la migrance ;Roman
Ethos de la migrance ;Roman
Ethos de la migrance ;Roman
Ethos de la migrance ;Roman
Ethos de la migrance ;Roman
Ethos de la migrance ;Roman
Ethos de la migrance ;Roman
Ethos de la migrance ;Roman
Ethos de la migrance ;Roman
Ethos de la présence;
Ethos de la présence;"BD;Jeunesse"
Ethos de la présence;"Chant;Poème; Recueil"
Ethos de la présence;Conte
Ethos de la présence;Conte
Ethos de la présence;Conte
Ethos de la présence;Conte
Ethos de la présence;Conte
Ethos de la présence;Conte
Ethos de la présence;Conte
Ethos de la présence;Conte
Ethos de la présence;Conte
Ethos de la présence;Conte
Ethos de la présence;Conte
Ethos de la présence;Conte
Ethos de la présence;Conte
Ethos de la présence;"BD;Jeunesse"
Ethos de la présence;"Chant;Poème; Recueil"
Ethos de la présence;Conte
Ethos de la présence;Conte
Ethos de la présence;Conte
Ethos de la présence;Conte
Ethos de la présence;Conte
Ethos de la présence;Conte
Ethos de la présence;Conte
Ethos de la présence;Conte
Ethos de la présence;Conte
Ethos de la présence;Conte
Ethos de la présence;Conte
Ethos de la présence;Conte
Ethos de la présence;Conte

Ethos de la présence;"BD;Jeunesse"
Ethos de la présence;"Chant;Poème; Recueil"
Ethos de la présence;Conte
Ethos de la présence;Conte
Ethos de la présence;Conte
Ethos de la présence;Conte
Ethos de la présence;Conte
Ethos de la présence;Conte
Ethos de la présence;Conte
Ethos de la présence;Conte
Ethos de la présence;Conte
Ethos de la présence;Conte
Ethos de la présence;Conte
Ethos de la présence;Conte
Ethos de la présence;Conte


Ethos de la présence;Conte
Ethos de la présence;Conte
Ethos de la présence;"Conte; Légende; Recueil"
Ethos de la présence;"Conte; Légende; Recueil"
Ethos de la présence;"Conte; Légende; Recueil"
Ethos de la présence;"Conte; Légende; Recueil"
Ethos de la présence;Nouvelle
Ethos de la présence;"Nouvelle;Recueil"
Ethos de la présence;"Nouvelle;Recueil"
Ethos de la présence;"Nouvelle;Recueil"
Ethos de la présence;"Nouvelle;Recueil"
Ethos de la présence;"Nouvelle;Recueil"
Ethos de la présence;"Nouvelle;Recueil"
Ethos de la présence;"Nouvelle;Recueil"
Ethos de la présence;"Nouvelle;Recueil"
Ethos de la présence;Poème
Ethos de la présence;Récit
Ethos de la présence;Récit
Ethos de la présence;Roman
Ethos de la présence;Roman
Ethos de la présence;Roman
Ethos de la présence;Roman
Ethos de la présence;Roman
Ethos de la présence;Roman
Ethos de la présence;Roman
Ethos de la présence;Roman
Ethos de la présence;Roman
Ethos de la présence;Roman
Ethos de la présence;Roman
Ethos de la présence;Roman
Ethos de la présence;Roman
Ethos de la présence;Roman
Ethos de la présence;Roman
Ethos de la présence;Roman
Ethos de la présence;Roman
Ethos de la présence;Roman
Ethos environnemental;"Nouvelle;Recueil"
Ethos environnemental;"Nouvelle;Recueil"
Ethos environnemental;"Nouvelle;Recueil"
Ethos environnemental;"Nouvelle;Recueil"

Ethos environnemental;"Nouvelle;Recueil"
Ethos environnemental;"Nouvelle;Recueil"
Ethos environnemental;"Nouvelle;Recueil"
Ethos environnemental;"Nouvelle;Recueil"
Ethos environnemental;"Nouvelle;Recueil"
Ethos environnemental;"Nouvelle;Recueil"
Ethos environnemental;"Nouvelle;Recueil"
Ethos environnemental;"Nouvelle;Recueil"
Ethos environnemental;"Nouvelle;Recueil"
Ethos environnemental;"Nouvelle;Recueil"

Ethos environnemental;"Nouvelle;Recueil"
Ethos environnemental;"Nouvelle;Recueil"
Ethos environnemental;"Nouvelle;Recueil"
Ethos environnemental;"Nouvelle;Recueil"
Ethos environnemental;"Nouvelle;Recueil"
Ethos environnemental;"Nouvelle;Recueil"
Ethos environnemental;"Nouvelle;Recueil"
Ethos environnemental;"Nouvelle;Recueil"
Ethos environnemental;"Nouvelle;Recueil"
Ethos environnemental;"Nouvelle;Recueil"

Ethos environnemental;"Nouvelle;Recueil"
Ethos environnemental;"Nouvelle;Recueil"
Ethos environnemental;"Nouvelle;Recueil"
Ethos environnemental;"Nouvelle;Recueil"
Ethos environnemental;"Nouvelle;Recueil"
Ethos environnemental;"Nouvelle;Recueil"
Ethos environnemental;"Nouvelle;Recueil"
Ethos environnemental;"Nouvelle;Recueil"
Ethos environnemental;"Nouvelle;Recueil"
Ethos environnemental;"Nouvelle;Recueil"

Ethos environnemental;"Nouvelle;Recueil"
Ethos environnemental;"Nouvelle;Recueil"
Ethos environnemental;"Nouvelle;Recueil"
Ethos environnemental;"Nouvelle;Recueil"
Ethos environnemental;"Nouvelle;Recueil"
Ethos environnemental;"Nouvelle;Recueil"
Ethos environnemental;"Nouvelle;Recueil"
Ethos environnemental;"Nouvelle;Recueil"
Ethos environnemental;"Nouvelle;Recueil"
Ethos environnemental;"Nouvelle;Recueil"
Ethos environnemental;"Nouvelle;Recueil"
Ethos environnemental;"Nouvelle;Recueil"
Ethos environnemental;"Nouvelle;Recueil"
Ethos environnemental;"Nouvelle;Recueil"
Ethos environnemental;"Nouvelle;Recueil"
Ethos environnemental;"Nouvelle;Recueil"
Ethos environnemental;Poème
Ethos environnemental;Poème

Ethos environnemental;Poème

Ethos environnemental;Poème

Ethos environnemental;Poème
Ethos environnemental;Poème
Ethos environnemental;Poème
Ethos environnemental;Poème

Ethos environnemental;Poème

Ethos environnemental;Poème

Ethos environnemental;Poème
Ethos environnemental;Poème
Ethos environnemental;Poème
Ethos environnemental;Poème

Ethos environnemental;Poème

Ethos environnemental;Poème

Ethos environnemental;Poème
Ethos environnemental;Poème



Ethos environnemental;"Nouvelle;Recueil"
Ethos environnemental;"Nouvelle;Recueil"
Ethos environnemental;Roman
Ethos environnemental;Roman
Ethos environnemental;Roman
Ethos mémoriel;Légende
Ethos mémoriel;Légende
Ethos mémoriel;Légende
Ethos mémoriel;Légende
Ethos mémoriel;Légende
Ethos mémoriel;Légende
Ethos mémoriel;Légende
Ethos mémoriel;Légende
Ethos mémoriel;Légende
Ethos mémoriel;Légende
Ethos mémoriel;Légende
Ethos mémoriel;Légende
Ethos mémoriel;Légende
Ethos mémoriel;Légende
Ethos mémoriel;Légende
Ethos mémoriel;Légende
Ethos mémoriel;Légende
Ethos mémoriel;Légende
Ethos mémoriel;"Mémoires; Roman"
Ethos mémoriel;Poème
Ethos mémoriel;Chant
Ethos mémoriel;Chant
Ethos mémoriel;Chant
Ethos mémoriel;Chant
Ethos mémoriel;Chant
Ethos mémoriel;Chant
Ethos mémoriel;Chant
Ethos mémoriel;Chant
Ethos mémoriel;Chant
Ethos mémoriel;Chant
Ethos mémoriel;Chant
Ethos mémoriel;Chant
Ethos mémoriel;Chant
Ethos mémoriel;Chant
Ethos mémoriel;Chant
Ethos mémoriel;Chant
Ethos mémoriel;Poème
Ethos mémoriel;Poème
Ethos mémoriel;"Poème; Roman"
Ethos mémoriel;Récit
Ethos mémoriel;Roman
Ethos mémoriel;Roman
Ethos mémoriel;Roman
Ethos mémoriel;Roman
Ethos mémoriel;Roman
Ethos mémoriel;Roman
Ethos mémoriel;Roman
Ethos mémoriel;Roman
Ethos mémoriel;Roman
Ethos mémoriel;Roman
Ethos mémoriel;Roman