Ethos;Pronoun
Ethos d'opposition;Il
Ethos d'opposition;Il
Ethos d'opposition;VOUS
Ethos d'opposition;JE
Ethos d'opposition;JE
Ethos d'opposition;"ELLE; Il; JE"
Ethos d'opposition;Il
Ethos d'opposition;"ELLE; Il"
Ethos d'opposition;"VOUS; ELLE; Il"
Ethos d'opposition;JE
Ethos d'opposition;JE
Ethos d'opposition;Il
Ethos de la migrance ;Il
Ethos cosmopolite;"Il; JE"
Ethos de genre;ELLE
Ethos de genre;JE
Ethos de genre;JE
Ethos de genre;JE
Ethos de genre;ELLE
Ethos mémoriel;"ELLE; JE"
Ethos mémoriel;ELLES
Ethos de la présence;JE
Ethos cosmopolite;ELLE
Ethos de la migrance ;JE
Ethos mémoriel;JE
Ethos de la présence;"ELLE; Il"
Ethos de la présence;"ELLE; Il"
Ethos de la migrance ;JE
Ethos cosmopolite;JE
Ethos de la migrance ;JE
Ethos de genre;JE
Ethos de la migrance ;"ELLE; Il"
Ethos de la migrance ;"ELLE; JE"
Ethos de la migrance ;"Il; JE"
Ethos de genre;JE
Ethos de la présence;JE
Ethos de la présence;ELLE
Ethos mémoriel;"ELLE; Il"
Ethos d'opposition;"ELLES; ILS"
Ethos d'opposition;"ELLES; ILS"
Ethos de la présence;Il
Ethos de la présence;JE
Ethos de la présence;Il
Ethos de la présence;Il
Ethos environnemental;Il
Ethos de la présence;JE
Ethos de la présence;Il
Ethos de genre;Il
Ethos de la présence;Il
Ethos de la présence;JE
Ethos de la présence;JE
Ethos environnemental;Il
Ethos de la présence;JE
Ethos d'opposition;"Il; JE"
Ethos de genre;JE
Ethos cosmopolite;"TU; JE"
Ethos de la migrance ;JE
Ethos de la migrance ;Il
Ethos de la migrance ;JE
Ethos de la migrance ;"Il; JE"
Ethos de la migrance ;Il
Ethos cosmopolite;Il
Ethos de la migrance ;JE
Ethos de la migrance ;JE
Ethos de la migrance ;JE
Ethos de la migrance ;Il
Ethos de la migrance ;Il
Ethos de la migrance ;"Il; JE"
Ethos de la migrance ;Il
Ethos de la présence;ELLE
Ethos d'opposition;JE
Ethos de la présence;JE
Ethos environnemental;ELLE
Ethos de la migrance ;ELLE
Ethos de la migrance ;Il
Ethos de la présence;JE
Ethos de la migrance ;JE
Ethos mémoriel;JE
Ethos d'opposition;JE
Ethos d'opposition;Il
Ethos cosmopolite;JE
Ethos de la présence;JE
Ethos de la présence;Il
Ethos de la présence;JE
Ethos cosmopolite;JE
Ethos de la présence;JE
Ethos de genre;"ELLES; ELLE"
Ethos de genre;ELLE
Ethos d'opposition;JE
Ethos de la présence;Il
Ethos de genre;ELLE
Ethos d'opposition;JE
Ethos environnemental;"Il; JE"
Ethos cosmopolite;JE
Ethos mémoriel;"ELLE; Il; JE"
Ethos de genre;JE
Ethos mémoriel;Il
Ethos mémoriel;TU
Ethos mémoriel;JE
Ethos d'opposition;Il
Ethos de la migrance ;JE
Ethos environnemental;Il
Ethos mémoriel;JE
Ethos de la présence;JE
Ethos d'opposition;"TU; JE"
Ethos de genre;ELLE
Ethos mémoriel;"Il; JE"
Ethos de la présence;Il
Ethos mémoriel;"Il; JE"
Ethos d'opposition;Il
Ethos de la présence;JE
Ethos de la présence;"TU; JE"
Ethos d'opposition;Il
Ethos d'opposition;JE
Ethos de genre;JE
Ethos de la présence;JE
Ethos de la migrance ;JE
Ethos mémoriel;JE
Ethos d'opposition;ELLE
Ethos de genre;JE
Ethos de la présence;"ELLE; Il"
Ethos de la présence;"TU; JE"
Ethos de genre;"ELLE; JE"
Ethos de genre;"ELLE; JE"
Ethos mémoriel;Il
Ethos d'opposition;Il
Ethos de la présence;Il
Ethos d'opposition;Il
Ethos d'opposition;Il
Ethos mémoriel;JE
Ethos de la présence;JE
Ethos mémoriel;"NOUS; JE"
Ethos mémoriel;JE
Ethos de la présence;"Il; TU"
Ethos de la migrance ;"ELLE; Il; JE"
Ethos mémoriel;JE
Ethos d'opposition;JE
Ethos d'opposition;Il
Ethos de la migrance ;JE
Ethos mémoriel;Il
Ethos de genre;ELLES
Ethos de la migrance ;JE
Ethos de la présence;JE
Ethos de la migrance ;JE